{
  "hospitals": [
    {
      "id": 101,
      "hospitalName": "apollo",
      "phone": 505050
    },
    {
      "id": 102,
      "hospitalName": "care",
      "phone": 255050
    },
    {
      "id": 103,
      "hospitalName": "seven",
      "phone": 505080
    },
    {
      "id": 104,
      "hospitalName": "ten",
      "phone": 10111
    }
  ],
  "labs": [],
  "doctors": [
    {
      "id": 301,
      "doctorName": "ramesh",
      "location": "chennai",
      "specialization": "eye"
    },
    {
      "id": "305",
      "doctorName": "Aditya",
      "location": "vizag",
      "specialization": "brain"
    },
    {
      "id": "303",
      "doctorName": "Aditya",
      "location": "Hyd",
      "specialization": "brain"
    }
  ],
  "txns": [
    {
      "id": 201,
      "detail": "labtest",
      "date": "2018-9-12",
      "value": "4500"
    },
    {
      "id": 202,
      "detail": "eyetest",
      "date": "2018-7-22",
      "value": "1500"
    },
    {
      "id": 203,
      "detail": "dentist",
      "date": "2018-4-21",
      "value": "500"
    },
    {
      "id": 204,
      "detail": "medicine",
      "date": "2018-9-12",
      "value": "2000"
    },
    {
      "id": 205,
      "detail": "xray",
      "date": "2018-2-13",
      "value": "5000"
    }
  ]
}