{
    "customers": [
        {  "id":101,
           "name": "Aswin",
           "email": "hello@hello.com",
		   "birthday": "2-2-2012"
        },
        {  "id":102,
           "name": "Kumar",
           "email": "kumar@hello.com",
		   "birthday": "2-2-2012"
        },
        {  "id":103,
           "name": "Aditya",
           "email": "aditya@hello.com",
		   "birthday": "2-2-2012"
        },
        {  "id":104,
           "name": "nani",
           "email": "nani@hello.com",
		   "birthday": "2-2-2012"
        }
    ]
}